ID,Name,Codeforces Handle,AtCoder Handle,VJudge Handle
Swad,Swad,DrSwad,DrSwad,DrSwad
Nirjhor,Nirjhor,Ant_Man,Nirjhor,AlphaQ
Ayon,Ayon,serotonin,serotonin5,serotonin
Fahim,Fahim,fahimcp495,fahimcp495,fahimcp495
Asif,Asif,ego_death,timelord,_timelord
Sakib,Sakib,_skb_,skb1,_skb_
Muhit,Muhit,Shakil17,NoobyDoo,Muhit17
Yeamin,Yeamin,_Kaizer_,Kaizer13,Yeamin_Kaiser
Ahanaf,Ahanaf,akifpathan,aap,aap
Mridul,Mridul,frosted,ludirm,mridulhaque